-----------------------
--USE MASTER
SET DATEFORMAT DMY
CREATE DATABASE QuanLyGiaoVu
USE QuanLyGiaoVu
-----------------------
-- I. Ngôn ngữ định nghĩa dữ liệu (Data Definition Language):
-------
-- 1. Tạo quan hệ và khai báo tất cả các ràng buộc khóa chính, khóa nại. Thêm vào 3 thuộc tính GHICHU, DIEMTB, XEPLOAI cho quan hệ HOCVIEN.

CREATE TABLE KHOA 
(
MAKHOA VARCHAR(4) PRIMARY KEY,
TENKHOA varchar(40),
NGTLAP SMALLDATETIME,
TRGKHOA CHAR(4) 
)

CREATE TABLE MONHOC 
(
MAMH varchar(10) PRIMARY KEY,
TENMH varchar(40),
TCLT tinyint,
TCTH tinyint,
MAKHOA varchar(4) FOREIGN KEY REFERENCES KHOA(MAKHOA)
)

CREATE TABLE DIEUKIEN
(
MAMH varchar(10) FOREIGN KEY REFERENCES MONHOC(MAMH),
MAMH_TRUOC varchar(10) FOREIGN KEY REFERENCES MONHOC(MAMH)
CONSTRAINT PK_DIEUKIEN PRIMARY KEY (MAMH, MAMH_TRUOC)
)

CREATE TABLE GIAOVIEN
(
MAGV char(4) PRIMARY KEY,
HOTEN varchar(40),
HOCVI varchar(10), 
HOCHAM varchar(10),
GIOITINH varchar(3),
NGSINH smalldatetime, 
NGVL smalldatetime,
HESO numeric(4,2),
MUCLUONG money,
MAKHOA varchar(4) FOREIGN KEY REFERENCES KHOA(MAKHOA)
)


CREATE TABLE LOP
(
MALOP char(3) PRIMARY KEY,
TENLOP varchar(40),
TRGLOP char(5), 
SISO tinyint,
MAGVCN char(4) FOREIGN KEY REFERENCES GIAOVIEN(MAGV)
)

CREATE TABLE HOCVIEN 
(
MAHV char(5) PRIMARY KEY,
HO varchar(40),
TEN varchar(10),
NGSINH smalldatetime,
GIOITINH varchar(3),
NOISINH varchar(40),
MALOP char(3) FOREIGN KEY REFERENCES LOP(MALOP)
)

-- Thêm vào 3 thuộc tính GHICHU, DIEMTB, XEPLOAI cho quan hệ HOCVIEN.

ALTER TABLE HOCVIEN ADD GHICHU VARCHAR(40)
ALTER TABLE HOCVIEN ADD DIEMTB NUMERIC(4,2)
ALTER TABLE HOCVIEN ADD XEPLOAI VARCHAR(10)


CREATE TABLE GIANGDAY
(
MALOP char(3) FOREIGN KEY REFERENCES LOP(MALOP),
MAMH varchar(10) FOREIGN KEY REFERENCES MONHOC(MAMH),
MAGV char(4),
HOCKY tinyint,
NAM smallint,
TUNGAY smalldatetime,
DENNGAY smalldatetime,
CONSTRAINT PK_GIANGDAY PRIMARY KEY (MALOP, MAMH)
)

CREATE TABLE KETQUATHI
(
MAHV char(5) FOREIGN KEY REFERENCES HOCVIEN(MAHV),
MAMH varchar(10) FOREIGN KEY REFERENCES MONHOC(MAMH),
LANTHI tinyint,
NGTHI smalldatetime,
DIEM numeric(4,2),
KQUA varchar(10),
CONSTRAINT PK_KETQUATHI PRIMARY KEY (MAHV, MAMH, LANTHI)
)

--ALTER TABLE KHOA DROP CONSTRAINT FK_TRGKHOA_MAGV
--ALTER TABLE GIAOVIEN DROP CONSTRAINT FK__GIAOVIEN__MAKHOA__7073AF84
--ALTER TABLE LOP DROP CONSTRAINT FK__LOP__MAGVCN__73501C2F
--ALTER TABLE LOP DROP CONSTRAINT FK_TRGLOP_MAHV
--DROP TABLE KETQUATHI
--DROP TABLE GIANGDAY
--DROP TABLE HOCVIEN
--DROP TABLE LOP
--DROP TABLE GIAOVIEN
--DROP TABLE DIEUKIEN
--DROP TABLE MONHOC
--DROP TABLE KHOA
--------------------------

-- 2. Thuộc tính GIOITINH chỉ có giá trị là 'Nam' hoặc 'Nu'. 
ALTER TABLE HOCVIEN ADD CONSTRAINT CK_GIOITINH CHECK (GIOITINH = 'Nam' or GIOITINH = 'Nu')
--ALTER TABLE GIAOVIEN ADD CONSTRAINT CK_GIOITINH_GV CHECK (GIOITINH IN('Nam', 'Nu')) -- Cach 2
-- 3. Điểm số của một lần thi có giá trị từ 0 đến 10 và cần lưu đến 2 số lẻ (VD: 6.22). 
ALTER TABLE KETQUATHI ADD CONSTRAINT CK_DIEM CHECK (DIEM >= 0 AND DIEM <=10)
-- 4. Kết quả thi là 'Dat' nếu điểm từ 5 đến 10  và 'Khong dat' nếu điểm nhỏ hơn 5. 
ALTER TABLE KETQUATHI
ADD CONSTRAINT CK_KQUA CHECK (KQUA = (CASE WHEN DIEM<=5 THEN 'KHONG DAT' ELSE 'DAT' END))

--UPDATE KETQUATHI1
--SET KQUA = 'DAT' WHERE DIEM BETWEEN 5 AND 10
--UPDATE KETQUATHI1
--SET KQUA = 'KHONG DAT' WHERE DIEM <= 5

--UPDATE KETQUATHI1 SET KQUA = CASE WHEN DIEM<5 THEN 'KHONG DAT' ELSE 'DAT' END
-- 5. Học viên thi một môn tối đa 3 lần. ?
ALTER TABLE KETQUATHI ADD CONSTRAINT CK_LANTHI CHECK (LANTHI <=3)
-- 6. Học kỳ chỉ có giá trị từ 1 đến 3. 
ALTER TABLE GIANGDAY ADD CONSTRAINT CK_HOCKY CHECK (HOCKY IN (1,2,3))
-- 7. Học vị của giáo viên chỉ có thể là 'CN', 'KS', 'Ths', 'TS', 'PTS'. 
ALTER TABLE GIAOVIEN ADD CONSTRAINT CK_HOCVI CHECK (HOCVI IN ('CN', 'KS', 'Ths', 'TS', 'PTS'))
-- 8. Lớp trưởng của một lớp phải là học viên của lớp đó. 

--ALTER TABLE (SELECT * FROM LOP JOIN HOCVIEN HV ON LOP.MALOP = HV.MALOP)
--ADD CONSTRAINT CK_TRGLOP 
--CHECK MALOP = (SELECT MALOP FROM HOCVIEN WHERE MAHV = TRGLOP)

--ALTER TABLE LOP
--ADD CONSTRAINT CK_TRGLOP 
--CHECK (TRGLOP IN (
--SELECT MAHV
--FROM HOCVIEN
--WHERE 
--GROUP BY 

-- 9. Học viên ít nhất là 18 tuổi. 
ALTER TABLE HOCVIEN ADD CONSTRAINT CH_TUOI CHECK (YEAR(GETDATE()) - YEAR(NGSINH) >= 18)
-- 10. Giảng dạy một môn học ngày bắt đầu (TUNGAY) phải nhỏ hơn ngày kết thúc (DENNGAY). 
ALTER TABLE GIANGDAY ADD CONSTRAINT CK_LICH CHECK (TUNGAY < DENNGAY)
-- 11. Giáo viên khi vào làm ít nhất là 22 tuổi. 
ALTER TABLE GIAOVIEN ADD CONSTRAINT CK_TUOI CHECK (YEAR(NGVL) - YEAR(NGSINH) >=22)
-- 12. Tất cả các môn học đều có số tín chỉ lý thuyết và tín chỉ thực hành chênh lệch nhau không quá 3. 
ALTER TABLE MONHOC ADD CONSTRAINT CK_TINCHI CHECK (TCLT - TCTH >= -3 AND TCLT - TCTH <= 3)
 --13. Mỗi học kỳ của một năm học, một lớp chỉ được học tối đa 3 môn. 
 --ALTER TABLE GIANGDAY ADD CONSTRAINT CK_MON CHECK (
 --14. Sỉ số của một lớp bằng với số lượng học viên thuộc lớp đó. 
 --ALTER TABLE LOP
 --ADD CONSTRAINT CK_SISO
 --CHECK (SISO = (
 --SELECT COUNT(MAHV) SISO, MALOP 
 --FROM HOCVIEN 
 --GROUP BY MALOP) 
 --AND LOP.MALOP = (
 --SELECT 
 --15. Các giáo viên có cùng học vị, học hàm, hệ số lương thì mức lương bằng nhau. 
 --16. Học viên chỉ được thi lại (lần thi >1) khi điểm của lần thi trước đó dưới 5. 
 --17. Ngày thi của lần thi sau phải lớn hơn ngày thi của lần thi trước (cùng học viên, cùng môn học). 
 --18. Học viên chỉ được thi những môn mà lớp của học viên đó đã học xong. 
 --19. Khi phân công giảng dạy một môn học, phải xét đến thứ tự trước sau giữa các môn học (sau khi học xong những môn học phải học trước mới được học những môn liền sau). 
 --20. Giáo viên chỉ được phân công dạy những môn thuộc khoa giáo viên đó phụ trách.

-- NHAP DU LIEU KHOA --
INSERT INTO KHOA VALUES('KHMT','Khoa hoc may tinh','7/6/2005','GV01')
INSERT INTO KHOA VALUES('HTTT','He thong thong tin','7/6/2005','GV02')
INSERT INTO KHOA VALUES('CNPM','Cong nghe phan mem','7/6/2005','GV04')
INSERT INTO KHOA VALUES('MTT','Mang va truyen thong','20/10/2005','GV03')
INSERT INTO KHOA VALUES('KTMT','Ky thuat may tinh','20/12/2005', NULL)

-- NHAP DU LIEU MONHOC --
INSERT INTO MONHOC VALUES('THDC','Tin hoc dai cuong',4,1,'KHMT')
INSERT INTO MONHOC VALUES('CTRR','Cau truc roi rac',5,0,'KHMT') --- Không tồn tại do không thỏa điều kiện tín chỉ
INSERT INTO MONHOC VALUES('CSDL','Co so du lieu',3,1,'HTTT')
INSERT INTO MONHOC VALUES('CTDLGT','Cau truc du lieu va giai thuat',3,1,'KHMT')
INSERT INTO MONHOC VALUES('PTTKTT','Phan tich thiet ke thuat toan',3,0,'KHMT')
INSERT INTO MONHOC VALUES('DHMT','Do hoa may tinh',3,1,'KHMT')
INSERT INTO MONHOC VALUES('KTMT','Kien truc may tinh',3,0,'KTMT')
INSERT INTO MONHOC VALUES('TKCSDL','Thiet ke co so du lieu',3,1,'HTTT')
INSERT INTO MONHOC VALUES('PTTKHTTT','Phan tich thiet ke he thong thong tin',4,1,'HTTT')
INSERT INTO MONHOC VALUES('HDH','He dieu hanh',4,0,'KTMT') --- Không tồn tại do không thỏa điều kiện tín chỉ
INSERT INTO MONHOC VALUES('NMCNPM','Nhap mon cong nghe phan mem',3,0,'CNPM')
INSERT INTO MONHOC VALUES('LTCFW','Lap trinh C for win',3,1,'CNPM')
INSERT INTO MONHOC VALUES('LTHDT','Lap trinh huong doi tuong',3,1,'CNPM')

-- NHAP DU LIEU DIEUKIEN --
INSERT INTO DIEUKIEN VALUES ('CSDL','CTRR') ---Không nhập được vì mã CTRR không tồn tại
INSERT INTO DIEUKIEN VALUES ('CSDL','CTDLGT')
INSERT INTO DIEUKIEN VALUES ('CTDLGT','THDC')
INSERT INTO DIEUKIEN VALUES ('PTTKTT','THDC')
INSERT INTO DIEUKIEN VALUES ('PTTKTT','CTDLGT')
INSERT INTO DIEUKIEN VALUES ('DHMT','THDC')
INSERT INTO DIEUKIEN VALUES ('LTHDT','THDC')
INSERT INTO DIEUKIEN VALUES ('PTTKHTTT','CSDL')

-- NHAP DU LIEU GIAOVIEN --
INSERT INTO GIAOVIEN VALUES('GV01','Ho Thanh Son','PTS','GS','Nam','2/5/1950','11/1/2004',5,2250000,'KHMT')
INSERT INTO GIAOVIEN VALUES('GV02','Tran Tam Thanh','TS','PGS','Nam','17/12/1965','20/4/2004',4.5,2025000,'HTTT')
INSERT INTO GIAOVIEN VALUES('GV03','Do Nghiem Phung','TS','GS','Nu','1/8/1950','23/9/2004',4,1800000,'CNPM')
INSERT INTO GIAOVIEN VALUES('GV04','Tran Nam Son','TS','PGS','Nam','22/2/1961','12/1/2005',4.5,2025000,'KTMT')
INSERT INTO GIAOVIEN VALUES('GV05','Mai Thanh Danh','ThS','GV','Nam','12/3/1958','12/1/2005',3,1350000,'HTTT')
INSERT INTO GIAOVIEN VALUES('GV06','Tran Doan Hung','TS','GV','Nam','11/3/1953','12/1/2005',4.5,2025000,'KHMT')
INSERT INTO GIAOVIEN VALUES('GV07','Nguyen Minh Tien','ThS','GV','Nam','23/11/1971','1/3/2005',4,1800000,'KHMT')
INSERT INTO GIAOVIEN VALUES('GV08','Le Thi Tran','KS','Null','Nu','26/3/1974','1/3/2005',1.69,760500,'KHMT')
INSERT INTO GIAOVIEN VALUES('GV09','Nguyen To Lan','ThS','GV','Nu','31/12/1966','1/3/2005',4,1800000,'HTTT')
INSERT INTO GIAOVIEN VALUES('GV10','Le Tran Anh Loan','KS','Null','Nu','17/7/1972','1/3/2005',1.86,837000,'CNPM')
INSERT INTO GIAOVIEN VALUES('GV11','Ho Thanh Tung','CN','GV','Nam','12/1/1980','15/5/2005',2.67,1201500,'MTT')
INSERT INTO GIAOVIEN VALUES('GV12','Tran Van Anh','CN','Null','Nu','29/3/1981','15/5/2005',1.69,760500,'CNPM')
INSERT INTO GIAOVIEN VALUES('GV13','Nguyen Linh Dan','CN','Null','Nu','23/5/1980','15/5/2005',1.69,760500,'KTMT')
INSERT INTO GIAOVIEN VALUES('GV14','Truong Minh Chau','ThS','GV','Nu','30/11/1976','15/5/2005',3,1350000,'MTT')
INSERT INTO GIAOVIEN VALUES('GV15','Le Ha Thanh','ThS','GV','Nam','4/5/1978','15/5/2005',3,1350000,'KHMT')

-- NHAP DU LIEU LOP --
INSERT INTO LOP VALUES('K11','Lop 1 khoa 1','K1108',11,'GV07')
INSERT INTO LOP VALUES('K12','Lop 2 khoa 1','K1205',12,'GV09')
INSERT INTO LOP VALUES('K13','Lop 3 khoa 1','K1305',12,'GV14')

-- NHAP DU LIEU HOCVIEN --
INSERT INTO HOCVIEN (MAHV, HO, TEN, NGSINH, GIOITINH, NOISINH, MALOP) VALUES ('K1101','Nguyen Van','A','27/1/1986','Nam','TpHCM','K11')
INSERT INTO HOCVIEN (MAHV, HO, TEN, NGSINH, GIOITINH, NOISINH, MALOP) VALUES('K1102','Tran Nc','Han','14/3/1986','Nu','Kien Giang','K11')
INSERT INTO HOCVIEN (MAHV, HO, TEN, NGSINH, GIOITINH, NOISINH, MALOP) VALUES('K1103','Ha Duy','Lap','18/4/1986','Nam','Nghe An','K11')
INSERT INTO HOCVIEN (MAHV, HO, TEN, NGSINH, GIOITINH, NOISINH, MALOP) VALUES('K1104','Tran Nc','Linh','30/3/1986','Nu','Tay Ninh','K11')
INSERT INTO HOCVIEN (MAHV, HO, TEN, NGSINH, GIOITINH, NOISINH, MALOP) VALUES('K1105','Tran Minh','Long','27/2/1986','Nam','TpHCM','K11')
INSERT INTO HOCVIEN (MAHV, HO, TEN, NGSINH, GIOITINH, NOISINH, MALOP) VALUES('K1106','Le Nhat','Minh','24/1/1986','Nam','TpHCM','K11')
INSERT INTO HOCVIEN (MAHV, HO, TEN, NGSINH, GIOITINH, NOISINH, MALOP) VALUES('K1107','Nguyen Nhu','Nhut','27/1/1986','Nam','Ha Noi','K11')
INSERT INTO HOCVIEN (MAHV, HO, TEN, NGSINH, GIOITINH, NOISINH, MALOP) VALUES('K1108','Nguyen Manh','Tam','27/2/1986','Nam','Kien Giang','K11')
INSERT INTO HOCVIEN (MAHV, HO, TEN, NGSINH, GIOITINH, NOISINH, MALOP) VALUES('K1109','Phan Thi Thanh','Tam','27/1/1986','Nu','Vinh Long','K11')
INSERT INTO HOCVIEN (MAHV, HO, TEN, NGSINH, GIOITINH, NOISINH, MALOP) VALUES('K1110','Le Hoai','Thuong','5/2/1986','Nu','Can Tho','K11')
INSERT INTO HOCVIEN (MAHV, HO, TEN, NGSINH, GIOITINH, NOISINH, MALOP) VALUES('K1111','Le Ha','Vinh','25/12/1986','Nam','Vinh Long','K11')
INSERT INTO HOCVIEN (MAHV, HO, TEN, NGSINH, GIOITINH, NOISINH, MALOP) VALUES('K1201','Nguyen Van','B','11/2/1986','Nam','TpHCM','K12')
INSERT INTO HOCVIEN (MAHV, HO, TEN, NGSINH, GIOITINH, NOISINH, MALOP) VALUES('K1202','Nguyen Thi Kim','Duyen','18/1/1986','Nu','TpHCM','K12')
INSERT INTO HOCVIEN (MAHV, HO, TEN, NGSINH, GIOITINH, NOISINH, MALOP) VALUES('K1203','Tran Thi Kim','Duyen','17/9/1986','Nu','TpHCM','K12')
INSERT INTO HOCVIEN (MAHV, HO, TEN, NGSINH, GIOITINH, NOISINH, MALOP) VALUES('K1204','Truong My','Hanh','19/5/1986','Nu','Dong Nai','K12')
INSERT INTO HOCVIEN (MAHV, HO, TEN, NGSINH, GIOITINH, NOISINH, MALOP) VALUES('K1205','Nguyen Thanh','Nam','17/4/1986','Nam','TpHCM','K12')
INSERT INTO HOCVIEN (MAHV, HO, TEN, NGSINH, GIOITINH, NOISINH, MALOP) VALUES('K1206','Nguyen Thi Truc','Thanh','4/3/1986','Nu','Kien Giang','K12')
INSERT INTO HOCVIEN (MAHV, HO, TEN, NGSINH, GIOITINH, NOISINH, MALOP) VALUES('K1207','Tran Thi Bich','Thuy','8/2/1986','Nu','Nghe An','K12')
INSERT INTO HOCVIEN (MAHV, HO, TEN, NGSINH, GIOITINH, NOISINH, MALOP) VALUES('K1208','Huynh Thi Kim','Trieu','8/4/1986','Nu','Tay Ninh','K12')
INSERT INTO HOCVIEN (MAHV, HO, TEN, NGSINH, GIOITINH, NOISINH, MALOP) VALUES('K1209','Pham Thanh','Trieu','23/2/1986','Nam','TpHCM','K12')
INSERT INTO HOCVIEN (MAHV, HO, TEN, NGSINH, GIOITINH, NOISINH, MALOP) VALUES('K1210','N Thanh','Tuan','14/2/1986','Nam','TpHCM','K12')
INSERT INTO HOCVIEN (MAHV, HO, TEN, NGSINH, GIOITINH, NOISINH, MALOP) VALUES('K1211','Do Thi','Xuan','9/3/1986','Nu','Ha Noi','K12')
INSERT INTO HOCVIEN (MAHV, HO, TEN, NGSINH, GIOITINH, NOISINH, MALOP) VALUES('K1212','Le Thi Phi','Yen','12/3/1986','Nu','TpHCM','K12')
INSERT INTO HOCVIEN (MAHV, HO, TEN, NGSINH, GIOITINH, NOISINH, MALOP) VALUES('K1301','Nguyen Thi Kim','Cuc','9/6/1986','Nu','Kien Giang','K13')
INSERT INTO HOCVIEN (MAHV, HO, TEN, NGSINH, GIOITINH, NOISINH, MALOP) VALUES('K1302','Truong Thi My','Hien','18/3/1986','Nu','Nghe An','K13')
INSERT INTO HOCVIEN (MAHV, HO, TEN, NGSINH, GIOITINH, NOISINH, MALOP) VALUES('K1303','Le Duc','Hien','21/3/1986','Nam','Tay Ninh','K13')
INSERT INTO HOCVIEN (MAHV, HO, TEN, NGSINH, GIOITINH, NOISINH, MALOP) VALUES('K1304','Le Quang','Hien','18/4/1986','Nam','TpHCM','K13')
INSERT INTO HOCVIEN (MAHV, HO, TEN, NGSINH, GIOITINH, NOISINH, MALOP) VALUES('K1305','Le Thi','Huong','27/3/1986','Nu','TpHCM','K13')
INSERT INTO HOCVIEN (MAHV, HO, TEN, NGSINH, GIOITINH, NOISINH, MALOP) VALUES('K1306','Nguyen Thai','Huu','30/3/1986','Nam','Ha Noi','K13')
INSERT INTO HOCVIEN (MAHV, HO, TEN, NGSINH, GIOITINH, NOISINH, MALOP) VALUES('K1307','Tran Minh','Man','28/5/1986','Nam','TpHCM','K13')
INSERT INTO HOCVIEN (MAHV, HO, TEN, NGSINH, GIOITINH, NOISINH, MALOP) VALUES('K1308','Nguyen Hieu','Nghia','8/4/1986','Nam','Kien Giang','K13')
INSERT INTO HOCVIEN (MAHV, HO, TEN, NGSINH, GIOITINH, NOISINH, MALOP) VALUES('K1309','Nguyen Trung','Nghia','18/1/1987','Nam','Nghe An','K13')
INSERT INTO HOCVIEN (MAHV, HO, TEN, NGSINH, GIOITINH, NOISINH, MALOP) VALUES('K1310','Tran Thi Hong','Tham','22/4/1986','Nu','Tay Ninh','K13')
INSERT INTO HOCVIEN (MAHV, HO, TEN, NGSINH, GIOITINH, NOISINH, MALOP) VALUES('K1311','Tran Minh','Thuc','4/4/1986','Nam','TpHCM','K13')
INSERT INTO HOCVIEN (MAHV, HO, TEN, NGSINH, GIOITINH, NOISINH, MALOP) VALUES('K1312','Nguyen Thi Kim','Yen','7/9/1986','Nu','TpHCM','K13')

-- NHAP DU LIEU GIANGDAY --
INSERT INTO GIANGDAY VALUES ('K11','THDC','GV07',1,2006,'2/1/2006','12/5/2006')
INSERT INTO GIANGDAY VALUES ('K12','THDC','GV06',1,2006,'2/1/2006','12/5/2006')
INSERT INTO GIANGDAY VALUES ('K13','THDC','GV15',1,2006,'2/1/2006','12/5/2006')
INSERT INTO GIANGDAY VALUES ('K11','CTRR','GV02',1,2006,'9/1/2006','17/5/2006')
INSERT INTO GIANGDAY VALUES ('K12','CTRR','GV02',1,2006,'9/1/2006','17/5/2006')
INSERT INTO GIANGDAY VALUES ('K13','CTRR','GV08',1,2006,'9/1/2006','17/5/2006')
INSERT INTO GIANGDAY VALUES ('K11','CSDL','GV05',2,2006,'1/6/2006','15/7/2006')
INSERT INTO GIANGDAY VALUES ('K12','CSDL','GV09',2,2006,'1/6/2006','15/7/2006')
INSERT INTO GIANGDAY VALUES ('K13','CTDLGT','GV15',2,2006,'1/6/2006','15/7/2006')
INSERT INTO GIANGDAY VALUES ('K13','CSDL','GV05',3,2006,'1/8/2006','15/12/2006')
INSERT INTO GIANGDAY VALUES ('K13','DHMT','GV07',3,2006,'1/8/2006','15/12/2006')
INSERT INTO GIANGDAY VALUES ('K11','CTDLGT','GV15',3,2006,'1/8/2006','15/12/2006')
INSERT INTO GIANGDAY VALUES ('K12','CTDLGT','GV15',3,2006,'1/8/2006','15/12/2006')
INSERT INTO GIANGDAY VALUES ('K11','HDH','GV04',1,2007,'2/1/2007','18/2/2007')
INSERT INTO GIANGDAY VALUES ('K12','HDH','GV04',1,2007,'2/1/2007','20/3/2007')
INSERT INTO GIANGDAY VALUES ('K11','DHMT','GV07',1,2007,'18/2/2007','20/3/2007')

-- NHAP DU LIEU KETQUATHI --
INSERT INTO KETQUATHI VALUES ('K1101','CSDL',1,'20/7/2006',10,'Dat')
INSERT INTO KETQUATHI VALUES ('K1101','CTDLGT',1,'28/12/2006',9,'Dat')
INSERT INTO KETQUATHI VALUES ('K1101','THDC',1,'20/5/2006',9,'Dat')
INSERT INTO KETQUATHI VALUES ('K1101','CTRR',1,'13/5/2006',9.5,'Dat')
INSERT INTO KETQUATHI VALUES ('K1102','CSDL',1,'20/7/2006',4,'Khong Dat')
INSERT INTO KETQUATHI VALUES ('K1102','CSDL',2,'27/7/2006',4.25,'Khong Dat')
INSERT INTO KETQUATHI VALUES ('K1102','CSDL',3,'10/8/2006',4.5,'Khong Dat')
INSERT INTO KETQUATHI VALUES ('K1102','CTDLGT',1,'28/12/2006',4.5,'Khong Dat')
INSERT INTO KETQUATHI VALUES ('K1102','CTDLGT',2,'5/1/2007',4,'Khong Dat')
INSERT INTO KETQUATHI VALUES ('K1102','CTDLGT',3,'15/1/2007',6,'Dat')
INSERT INTO KETQUATHI VALUES ('K1102','THDC',1,'20/5/2006',5,'Dat')
INSERT INTO KETQUATHI VALUES ('K1102','CTRR',1,'13/5/2006',7,'Dat')
INSERT INTO KETQUATHI VALUES ('K1103','CSDL',1,'20/7/2006',3.5,'Khong Dat')
INSERT INTO KETQUATHI VALUES ('K1103','CSDL',2,'27/7/2006',8.25,'Dat')
INSERT INTO KETQUATHI VALUES ('K1103','CTDLGT',1,'28/12/2006',7,'Dat')
INSERT INTO KETQUATHI VALUES ('K1103','THDC',1,'20/5/2006',8,'Dat')
INSERT INTO KETQUATHI VALUES ('K1103','CTRR',1,'13/5/2006',6.5,'Dat')
INSERT INTO KETQUATHI VALUES ('K1104','CSDL',1,'20/7/2006',3.75,'Khong Dat')
INSERT INTO KETQUATHI VALUES ('K1104','CTDLGT',1,'28/12/2006',4,'Khong Dat')
INSERT INTO KETQUATHI VALUES ('K1104','THDC',1,'20/5/2006',4,'Khong Dat')
INSERT INTO KETQUATHI VALUES ('K1104','CTRR',1,'13/5/2006',4,'Khong Dat')
INSERT INTO KETQUATHI VALUES ('K1104','CTRR',2,'20/5/2006',3.5,'Khong Dat')
INSERT INTO KETQUATHI VALUES ('K1104','CTRR',3,'30/6/2006',4,'Khong Dat')
INSERT INTO KETQUATHI VALUES ('K1201','CSDL',1,'20/7/2006',6,'Dat')
INSERT INTO KETQUATHI VALUES ('K1201','CTDLGT',1,'28/12/2006',5,'Dat')
INSERT INTO KETQUATHI VALUES ('K1201','THDC',1,'20/5/2006',8.5,'Dat')
INSERT INTO KETQUATHI VALUES ('K1201','CTRR',1,'13/5/2006',9,'Dat')
INSERT INTO KETQUATHI VALUES ('K1202','CSDL',1,'20/7/2006',8,'Dat')
INSERT INTO KETQUATHI VALUES ('K1202','CTDLGT',1,'28/12/2006',4,'Khong Dat')
INSERT INTO KETQUATHI VALUES ('K1202','CTDLGT',2,'5/1/2007',5,'Dat')
INSERT INTO KETQUATHI VALUES ('K1202','THDC',1,'20/5/2006',4,'Khong Dat')
INSERT INTO KETQUATHI VALUES ('K1202','THDC',2,'27/5/2006',4,'Khong Dat')
INSERT INTO KETQUATHI VALUES ('K1202','CTRR',1,'13/5/2006',3,'Khong Dat')
INSERT INTO KETQUATHI VALUES ('K1202','CTRR',2,'20/5/2006',4,'Khong Dat')
INSERT INTO KETQUATHI VALUES ('K1202','CTRR',3,'30/6/2006',6.25,'Dat')
INSERT INTO KETQUATHI VALUES ('K1203','CSDL',1,'20/7/2006',9.25,'Dat')
INSERT INTO KETQUATHI VALUES ('K1203','CTDLGT',1,'28/12/2006',9.5,'Dat')
INSERT INTO KETQUATHI VALUES ('K1203','THDC',1,'20/5/2006',10,'Dat')
INSERT INTO KETQUATHI VALUES ('K1203','CTRR',1,'13/5/2006',10,'Dat')
INSERT INTO KETQUATHI VALUES ('K1204','CSDL',1,'20/7/2006',8.5,'Dat')
INSERT INTO KETQUATHI VALUES ('K1204','CTDLGT',1,'28/12/2006',6.75,'Dat')
INSERT INTO KETQUATHI VALUES ('K1204','THDC',1,'20/5/2006',4,'Khong Dat')
INSERT INTO KETQUATHI VALUES ('K1204','CTRR',1,'13/5/2006',6,'Dat')
INSERT INTO KETQUATHI VALUES ('K1301','CSDL',1,'20/12/2006',4.25,'Khong Dat')
INSERT INTO KETQUATHI VALUES ('K1301','CTDLGT',1,'25/7/2006',8,'Dat')
INSERT INTO KETQUATHI VALUES ('K1301','THDC',1,'20/5/2006',7.75,'Dat')
INSERT INTO KETQUATHI VALUES ('K1301','CTRR',1,'13/5/2006',8,'Dat')
INSERT INTO KETQUATHI VALUES ('K1302','CSDL',1,'20/12/2006',6.75,'Dat')
INSERT INTO KETQUATHI VALUES ('K1302','CTDLGT',1,'25/7/2006',5,'Dat')
INSERT INTO KETQUATHI VALUES ('K1302','THDC',1,'20/5/2006',8,'Dat')
INSERT INTO KETQUATHI VALUES ('K1302','CTRR',1,'13/5/2006',8.5,'Dat')
INSERT INTO KETQUATHI VALUES ('K1303','CSDL',1,'20/12/2006',4,'Khong Dat')
INSERT INTO KETQUATHI VALUES ('K1303','CTDLGT',1,'25/7/2006',4.5,'Khong Dat')
INSERT INTO KETQUATHI VALUES ('K1303','CTDLGT',2,'7/8/2006',4,'Khong Dat')
INSERT INTO KETQUATHI VALUES ('K1303','CTDLGT',3,'15/8/2006',4.25,'Khong Dat')
INSERT INTO KETQUATHI VALUES ('K1303','THDC',1,'20/5/2006',4.5,'Khong Dat')
INSERT INTO KETQUATHI VALUES ('K1303','CTRR',1,'13/5/2006',3.25,'Khong Dat')
INSERT INTO KETQUATHI VALUES ('K1303','CTRR',2,'20/5/2006',5,'Dat')
INSERT INTO KETQUATHI VALUES ('K1304','CSDL',1,'20/12/2006',7.75,'Dat')
INSERT INTO KETQUATHI VALUES ('K1304','CTDLGT',1,'25/7/2006',9.75,'Dat')
INSERT INTO KETQUATHI VALUES ('K1304','THDC',1,'20/5/2006',5.5,'Dat')
INSERT INTO KETQUATHI VALUES ('K1304','CTRR',1,'13/5/2006',5,'Dat')
INSERT INTO KETQUATHI VALUES ('K1305','CSDL',1,'20/12/2006',9.25,'Dat')
INSERT INTO KETQUATHI VALUES ('K1305','CTDLGT',1,'25/7/2006',10,'Dat')
INSERT INTO KETQUATHI VALUES ('K1305','THDC',1,'20/5/2006',8,'Dat')
INSERT INTO KETQUATHI VALUES ('K1305','CTRR',1,'13/5/2006',10,'Dat')
------ 
-- Thêm khóa ngoại
ALTER TABLE KHOA ADD CONSTRAINT FK_TRGKHOA_MAGV FOREIGN KEY(TRGKHOA) REFERENCES GIAOVIEN(MAGV)
ALTER TABLE LOP ADD CONSTRAINT FK_TRGLOP_MAHV FOREIGN KEY(TRGLOP) REFERENCES HOCVIEN(MAHV)
--ALTER TABLE KHOA DROP CONSTRAINT FK_TRGKHOA_MAGV
--ALTER TABLE LOP DROP CONSTRAINT FK_TRGLOP_MAHV
------
SELECT * FROM DIEUKIEN
SELECT * FROM GIANGDAY
SELECT * FROM GIAOVIEN
SELECT * FROM HOCVIEN
SELECT * FROM KETQUATHI
SELECT * FROM KHOA
SELECT * FROM LOP
SELECT * FROM MONHOC
------
SELECT MAHV, KETQUATHI.MAMH, TENMH, DIEM
FROM MONHOC JOIN KETQUATHI
ON MONHOC.MAMH = KETQUATHI.MAMH

------

SELECT HOCVIEN.MAHV, HO, TEN, MAMH, DIEM
FROM HOCVIEN JOIN KETQUATHI
ON HOCVIEN.MAHV = KETQUATHI.MAHV
WHERE HOCVIEN.MAHV = 'K1101'

------

SELECT HV.MAHV, HO, TEN, MAMH, DIEM
FROM HOCVIEN HV JOIN KETQUATHI KQ
ON HV.MAHV = KQ.MAHV
WHERE KQ.MAMH = 'CSDL' AND KQ.DIEM < 8

SELECT mamh, diem, hv.mahv, ho, ten
FROM ketquathi kq RIGHT JOIN hocvien hv
ON hv.mahv=kq.mahv

SELECT mahv, MAX(Diem) max_D
FROM ketquathi
GROUP BY mahv

SELECT MAX(Diem) max_D, MIN(Diem) min_D, AVG(Diem) avg_D
FROM ketquathi

SELECT MAX(Diem) max_D
FROM ketquathi
WHERE mamh = 'CSDL'

SELECT hv.mahv, ho, ten, AVG(Diem) diemTB
FROM hocvien hv, ketquathi kq
WHERE hv.mahv = kq.mahv
GROUP BY hv.mahv, ho, ten
HAVING AVG(Diem)>6

--II. Ngôn ngữ thao tác dữ liệu (Data Manipulation Language):
SELECT *
INTO GIAOVIEN1
FROM GIAOVIEN

SELECT *
INTO KETQUATHI1
FROM KETQUATHI

SELECT *
INTO HOCVIEN1
FROM HOCVIEN
--1.	Tăng hệ số lương thêm 0.2 cho những giáo viên là trưởng khoa.
UPDATE GIAOVIEN1
SET HESO = HESO + 0.2
WHERE MAGV IN (SELECT TRGKHOA FROM KHOA)
--2.	Cập nhật giá trị điểm trung bình tất cả các môn học (DIEMTB) của mỗi học viên (tất cả các môn học đều có hệ số 1 và nếu học viên thi một môn nhiều lần, chỉ lấy điểm của lần thi sau cùng).
UPDATE HOCVIEN1
SET DIEMTB = 

SELECT 
--3.	Cập nhật giá trị cho cột GHICHU là 'Cam thi' đối với trường hợp: học viên có một môn bất kỳ thi lần thứ 3 dưới 5 điểm.

--UPDATE HOCVIEN1
--SET GHICHU = 'CAM THI'
--WHERE 

--4.	Cập nhật giá trị cho cột XEPLOAI trong quan hệ HOCVIEN như sau:
--o	Nếu DIEMTB >= 9 thì XEPLOAI ='XS'
--o	Nếu  8 <= DIEMTB < 9 thì XEPLOAI = 'G'
--o	Nếu  6.5 <= DIEMTB < 8 thì XEPLOAI = 'K'
--o	Nếu  5  <=  DIEMTB < 6.5 thì XEPLOAI = 'TB'
--o	Nếu  DIEMTB < 5 thì XEPLOAI = 'Y'

--III. Ngôn ngữ truy vấn dữ liệu:
--1.	In ra danh sách (mã học viên, họ tên, ngày sinh, mã lớp) lớp trưởng của các lớp.
SELECT MAHV, HO, TEN, NGSINH, MALOP
FROM HOCVIEN
WHERE MAHV IN (SELECT TRGLOP FROM LOP)
--2.	In ra bảng điểm khi thi (mã học viên, họ tên , lần thi, điểm số) môn CTRR của lớp 'K12', sắp xếp theo tên, họ học viên.
SELECT KQ.MAHV, HO, TEN, LANTHI, DIEM, MAMH, MALOP
FROM KETQUATHI KQ JOIN HOCVIEN HV
ON KQ.MAHV = HV.MAHV
WHERE MAMH = 'CTRR' AND MALOP = 'K12'
--3.	In ra danh sách những học viên (mã học viên, họ tên) và những môn học mà học viên đó thi lần thứ nhất đã đạt.
SELECT HV.MAHV, HO, TEN, MAMH, LANTHI, KQUA
FROM HOCVIEN HV JOIN KETQUATHI KQ
ON HV.MAHV = KQ. MAHV
WHERE LANTHI = 1 AND KQUA = 'DAT'
--4.	In ra danh sách học viên (mã học viên, họ tên) của lớp 'K11' thi môn CTRR không đạt (ở lần thi 1).
SELECT HV.MAHV, HO, TEN, HV.MALOP, MAMH, KQUA, LANTHI
FROM (HOCVIEN HV JOIN LOP L ON HV.MALOP = L.MALOP) JOIN KETQUATHI KQ
ON HV.MAHV = KQ.MAHV
WHERE HV.MALOP = 'K11' AND MAMH = 'CTRR' AND KQUA ='KHONG DAT' AND LANTHI = 1
--5.	Tìm tên những môn học mà giáo viên có tên 'Tran Tam Thanh' dạy trong học kỳ 1 năm 2006.
SELECT MAMH, HOTEN, HOCKY, NAM
FROM GIAOVIEN GV JOIN GIANGDAY GD 
ON GV.MAGV = GD.MAGV
WHERE HOTEN = 'TRAN TAM THANH' AND HOCKY = 1 AND NAM = 2006
GROUP BY MAMH, HOTEN, HOCKY, NAM
--6.	Tìm những môn học (mã môn học, tên môn học) mà giáo viên chủ nhiệm lớp 'K11' dạy trong học kỳ 1 năm 2006.
SELECT MAGV, MH.MAMH, TENMH, MAGV, HOCKY, NAM
FROM MONHOC MH JOIN GIANGDAY GD
ON MH.MAMH = GD.MAMH
WHERE MAGV = (SELECT MAGVCN FROM LOP WHERE MALOP = 'K11')
--7.	Tìm họ tên lớp trưởng của các lớp mà giáo viên có tên 'Nguyen To Lan' dạy môn 'Co So Du Lieu'.
SELECT TRGLOP, MAHV, HO, TEN, HV. MALOP, MAGV, MAMH
FROM (HOCVIEN HV JOIN GIANGDAY GD ON HV.MALOP = GD.MALOP) JOIN LOP
ON HV.MALOP = LOP.MALOP
WHERE MAGV = (SELECT MAGV FROM GIAOVIEN WHERE HOTEN = 'NGUYEN TO LAN')
AND MAMH = (SELECT MAMH FROM MONHOC WHERE TENMH = 'CO SO DU LIEU')
AND MAHV = TRGLOP
--8.	In ra danh sách những môn học (mã môn học, tên môn học) phải học liền trước môn 'Co So Du Lieu'.
SELECT MAMH_TRUOC, TENMH, MH.MAMH
FROM MONHOC MH JOIN DIEUKIEN DK
ON MH.MAMH = DK.MAMH
WHERE TENMH = 'CO SO DU LIEU'
--9.	Môn 'Cau Truc Roi Rac' là môn bắt buộc phải học liền trước những môn học (mã môn học, tên môn học) nào.
SELECT MH.MAMH, TENMH
FROM MONHOC MH JOIN DIEUKIEN DK
ON MH.MAMH = DK.MAMH
WHERE MAMH_TRUOC = (SELECT MAMH FROM MONHOC WHERE TENMH = 'CAU TRUC ROI RAC')
--10.	Tìm họ tên giáo viên dạy môn CTRR cho cả hai lớp 'K11' và 'K12' trong cùng học kỳ 1 năm 2006.
SELECT GD.MAGV, HOTEN, MAMH, HOCKY
FROM GIANGDAY GD JOIN GIAOVIEN GV
ON GD.MAGV = GV.MAGV
WHERE MAMH = 'CTRR' AND HOCKY = 1 AND MALOP = 'K11'
INTERSECT 
SELECT GD.MAGV, HOTEN, MAMH, HOCKY
FROM GIANGDAY GD JOIN GIAOVIEN GV
ON GD.MAGV = GV.MAGV
WHERE MAMH = 'CTRR' AND HOCKY = 1 AND MALOP = 'K12'
--11.	Tìm những học viên (mã học viên, họ tên) thi không đạt môn CSDL ở lần thi thứ 1 nhưng chưa thi lại môn này.
SELECT MAHV, HO, TEN 
FROM HOCVIEN 
WHERE MAHV IN
(SELECT MAHV
FROM KETQUATHI1
WHERE MAMH = 'CSDL' AND KQUA ='KHONG DAT'
GROUP BY MAHV, KQUA
HAVING MAX(LANTHI) = 1)

--SELECT MAHV, MAX(LANTHI) MAX_LANTHI, KQUA
--FROM KETQUATHI1
--WHERE MAMH = 'CSDL' AND KQUA ='KHONG DAT'
--GROUP BY MAHV, KQUA
--HAVING MAX(LANTHI) = 1

--12.	Tìm giáo viên (mã giáo viên, họ tên) không được phân công giảng dạy bất kỳ môn học nào.
SELECT MAGV, HOTEN
FROM GIAOVIEN
WHERE MAGV NOT IN (
SELECT DISTINCT MAGV
FROM GIANGDAY)
--13.	Tìm giáo viên (mã giáo viên, họ tên) không được phân công giảng dạy bất kỳ môn học nào thuộc khoa giáo viên đó phụ trách.
SELECT MAGV, HOTEN, MAKHOA
FROM GIAOVIEN
WHERE MAGV NOT IN (
SELECT DISTINCT GV.MAGV
FROM (GIANGDAY GD JOIN GIAOVIEN GV ON GD.MAGV = GV.MAGV) -- Giáo viên có tham gia dạy học
JOIN MONHOC MH 
ON GV.MAKHOA = MH.MAKHOA)--khoa môn học trùng với khoa của giáo viên

--- Trong đó: danh sách mã giáo viên dạy học môn học thuộc khoa giáo viên đó phụ trách
SELECT DISTINCT GV.MAGV, GD.MAMH, GV.MAKHOA
FROM GIANGDAY GD JOIN GIAOVIEN GV ON GD.MAGV = GV.MAGV JOIN MONHOC MH
ON GV.MAKHOA = MH.MAKHOA

--14.	Tìm họ tên các học viên thuộc lớp 'K11' thi một môn bất kỳ quá 3 lần vẫn 'Khong dat' hoặc thi lần thứ 2 môn CTRR được 5 điểm.
SELECT DISTINCT hv.MAHV, HV.MALOP, HO, TEN, LANTHI, KQUA, KQ.MAMH, DIEM
FROM HOCVIEN HV JOIN LOP ON HV.MALOP = LOP.MALOP -- Danh sách học viên thực sự tham gia vào các lớp học
JOIN KETQUATHI1 KQ ON HV.MAHV = KQ.MAHV -- Danh sach hoc vien tham gia thi
WHERE (HV.MALOP = 'K11' AND LANTHI = 3 AND KQUA = 'KHONG DAT') OR (LANTHI = 2 AND KQ.MAMH = 'CTRR' AND DIEM = 5)

--15.	Tìm họ tên giáo viên dạy môn CTRR cho ít nhất hai lớp trong cùng một học kỳ của một năm học.
SELECT MAGV, HOTEN
FROM GIAOVIEN
WHERE MAGV IN (
SELECT MAGV
FROM GIANGDAY
WHERE MAMH = 'CTRR' 
GROUP BY HOCKY, NAM, MAGV
HAVING COUNT(MALOP) >= 2)
-- Trong đó, thông tin mã giáo viên thỏa điều kiện là:
SELECT MAGV, COUNT(MALOP) SOLOPDAY, HOCKY, NAM, MAMH
FROM GIANGDAY
WHERE MAMH = 'CTRR' 
GROUP BY HOCKY, NAM, MAGV, MAMH
HAVING COUNT(MALOP) >= 2

--16.	Danh sách học viên và điểm thi môn CSDL (chỉ lấy điểm của lần thi sau cùng).
SELECT MAHV, DIEM, MIN(LANTHI) [LANTHICUOI]
FROM KETQUATHI
WHERE MAMH = 'CSDL'
GROUP BY MAHV, DIEM
--17.	Danh sách học viên và điểm thi môn 'Co So Du Lieu' (chỉ lấy điểm cao nhất của các lần thi)
SELECT MAHV, MAX(DIEM) DIEMTHICAONHAT
FROM KETQUATHI
WHERE MAMH = (
SELECT MAMH 
FROM MONHOC
WHERE TENMH = 'CO SO DU LIEU')
GROUP BY MAHV, DIEM
--18.	Khoa nào (mã khoa, tên khoa) được thành lập sớm nhất.
SELECT MAKHOA, TENKHOA
FROM KHOA 
WHERE NGTLAP = (
SELECT MIN(NGTLAP)
FROM KHOA)

-- Cách 2
SELECT MAKHOA, TENKHOA
FROM KHOA 
WHERE NGTLAP <= ALL (
SELECT NGTLAP
FROM KHOA
)
-- So sánh với bảng khoa'
SELECT * FROM KHOA
ORDER BY NGTLAP ASC
--19.	Có bao nhiêu giáo viên có học hàm là 'GS' hoặc 'PGS'.
SELECT COUNT(DISTINCT MAGV) SOLUONG
FROM GIAOVIEN
WHERE HOCHAM ='GS' OR HOCHAM = 'PGS'
--20.	Thống kê có bao nhiêu giáo viên có học vị là 'CN', 'KS', 'Ths', 'TS', 'PTS' trong mỗi khoa.
SELECT MAKHOA, COUNT (DISTINCT MAGV) SOGIAOVIEN
FROM GIAOVIEN
WHERE HOCVI IN ('CN', 'KS', 'Ths', 'TS', 'PTS')
GROUP BY MAKHOA
--21.	Mỗi môn học thống kê số lượng học viên theo kết quả (đạt và không đạt).
SELECT MAMH, KQUA, COUNT(DISTINCT MAHV) SOHOCVIEN
FROM KETQUATHI1
GROUP BY MAMH, KQUA
ORDER BY MAMH
--22.	Tìm giáo viên (mã giáo viên, họ tên) là giáo viên chủ nhiệm của một lớp, đồng thời dạy cho lớp đó ít nhất một môn học.
SELECT MAGV, HOTEN
FROM GIAOVIEN 
WHERE MAGV IN (
SELECT MAGV
FROM LOP, GIANGDAY GD
WHERE LOP.MALOP = GD.MALOP AND MAGV = MAGVCN
GROUP BY MAGV
HAVING COUNT(MAGV)>=1)
--Trong đó, cú pháp tìm giáo viên trong 1 lớp và dạy lớp đó ít nhất một môn học là:
SELECT MAGV, GD.MALOP, COUNT(MAGV) SOLOPDAY
FROM LOP, GIANGDAY GD
WHERE LOP.MALOP = GD.MALOP AND MAGV = MAGVCN -- Giáo viên vừa là chủ nhiệm, vừa dạy lớp đó.
GROUP BY MAGV, GD.MALOP
HAVING COUNT(MAGV)>=1

--23.	Tìm họ tên lớp trưởng của lớp có sỉ số cao nhất.
SELECT MAHV, HO, TEN
FROM HOCVIEN
WHERE MAHV IN(
SELECT MAHV
FROM HOCVIEN, LOP
WHERE MAHV = TRGLOP -- Danh sách lớp trưởng
AND SISO >= ALL(SELECT SISO FROM LOP)) -- Sĩ số các lớp cao nhất
-- Hoặc:
--AND SISO = SELECT MAX(SISO) FROM LOP

--24.	Tìm học viên (mã học viên, họ tên) có số môn đạt điểm 9,10 nhiều nhất.
SELECT MAHV, HO, TEN
FROM HOCVIEN
WHERE MAHV IN (
SELECT MAHV
FROM KETQUATHI
WHERE DIEM = 9 OR DIEM = 10
GROUP BY MAHV
HAVING COUNT(DIEM) >= ALL 
(SELECT COUNT(DIEM)
FROM KETQUATHI
WHERE DIEM = 9 OR DIEM = 10
GROUP BY MAHV))

-- Hoặc:
SELECT	A.MAHV, HO, TEN,COUNT(MAMH) [SO MON]
FROM		KETQUATHI A, HOCVIEN B
WHERE	A.MAHV=B.MAHV AND (DIEM=9 OR DIEM=10) 
GROUP BY  A.MAHV, HO, TEN
HAVING	COUNT(MAMH)>=ALL(SELECT 	COUNT(MAMH)
					  FROM	KETQUATHI 
					  WHERE	DIEM=9 OR DIEM=10
					  GROUP BY MAHV)
--25.	Trong từng lớp, tìm học viên (mã học viên, họ tên) có số môn đạt điểm 9,10 nhiều nhất.

SELECT	A.MAHV, MALOP, HO, TEN, COUNT(MAMH) [SO MON] 
FROM	HOCVIEN A, KETQUATHI B
WHERE	A.MAHV=B.MAHV AND (DIEM=9 OR DIEM=10) 
GROUP BY A.MAHV, MALOP, HO, TEN -- Quan trọng là group MAHV: Số điểm 9, 10 của mỗi học viên, và mã lớp để đối chiếu với đk bên dưới having, các thông tin khác để bổ xung
HAVING	COUNT(MAMH) >= ALL(SELECT COUNT(MAMH)
					  FROM	HOCVIEN C, KETQUATHI D
					  WHERE	C.MAHV = D.MAHV AND (DIEM=9 OR DIEM=10) AND C.MALOP = A.MALOP
					  GROUP BY C.MAHV, MALOP)				  

--26.	Trong từng học kỳ của từng năm, mỗi giáo viên phân công dạy bao nhiêu môn học, bao nhiêu lớp.
SELECT MAGV, HOCKY, NAM, COUNT(MALOP) SOLOP, COUNT(MAMH) SOMON
FROM GIANGDAY
GROUP BY MAGV, HOCKY, NAM
--27.	Trong từng học kỳ của từng năm, tìm giáo viên (mã giáo viên, họ tên) giảng dạy nhiều nhất.
SELECT HOCKY, NAM, A.MAGV, HOTEN, COUNT(MALOP) SOLOP
FROM GIANGDAY A, GIAOVIEN B
WHERE A.MAGV = B.MAGV
GROUP BY A.MAGV, HOCKY, NAM, HOTEN
HAVING COUNT(MALOP) >= ALL(
SELECT COUNT(MALOP)
FROM GIANGDAY C
WHERE A.HOCKY = C.HOCKY AND A.NAM = C.NAM
GROUP BY MAGV, HOCKY, NAM)
--28.	Tìm môn học (mã môn học, tên môn học) có nhiều học viên thi không đạt (ở lần thi thứ 1) nhất.
SELECT TOP 1 KQ.MAMH, TENMH, COUNT(KQ.MAHV) SOHOCVIEN
FROM MONHOC MH, KETQUATHI1 KQ
WHERE MH.MAMH = KQ.MAMH AND KQUA ='KHONG DAT' AND LANTHI = 1
GROUP BY KQ.MAMH, TENMH
HAVING COUNT(KQ.MAHV) >= ALL(
SELECT COUNT(MAHV) SOHOCVIEN
FROM KETQUATHI1
WHERE KQUA ='KHONG DAT' AND LANTHI = 1
GROUP BY MAMH)
--29.	Tìm học viên (mã học viên, họ tên) thi môn nào cũng đạt (chỉ xét lần thi thứ 1).
SELECT MAHV, HO, TEN
FROM HOCVIEN
WHERE MAHV IN(
SELECT MAHV
FROM KETQUATHI1
WHERE LANTHI = 1 AND KQUA = 'DAT')
AND MAHV NOT IN(
SELECT MAHV
FROM KETQUATHI1
WHERE LANTHI = 1 AND KQUA = 'KHONG DAT')
-- Cách 2
SELECT DISTINCT A.MAHV, HO, TEN
FROM HOCVIEN A, KETQUATHI1 B
WHERE A.MAHV = B.MAHV AND A.MAHV NOT IN(
SELECT MAHV
FROM KETQUATHI1
WHERE LANTHI = 1 AND KQUA = 'KHONG DAT')
--30.	* Tìm học viên (mã học viên, họ tên) đã thi tất cả các môn đều đạt (chỉ xét lần thi thứ 1).

--Tìm mã học viên không thi đầy đủ các môn

SELECT MAMH
FROM KETQUATHI A
WHERE MAMH NOT IN(
SELECT DISTINCT MAMH  -- Cac mon da thi
FROM KETQUATHI B
WHERE A.MAHV = B.MAHV
)


--Các môn học viên đó chưa thi và chưa đạt trong lần thi 1
--Các môn học viên đã thi và đạt trong lần thi 1


SELECT	DISTINCT A.MAHV, HO, TEN
FROM		KETQUATHI1 A, HOCVIEN B
WHERE	A.MAHV=B.MAHV AND KQUA= 'DAT' AND LANTHI=1 AND  
		NOT EXISTS(SELECT	MAMH
				FROM		MONHOC C
				WHERE	NOT EXISTS(SELECT	MAHV
								FROM	KETQUATHI1 D
								WHERE	D.MAHV=A.MAHV AND D.MAMH=C.MAMH))	